{"cameraMode":{"drawMode":0,"name":"Shaded","section":"Shading Mode"},"sceneLighting":true,"audioPlay":false,"sceneViewState":{"showFog":true,"showMaterialUpdate":false,"showSkybox":true,"showFlares":true,"showImageEffects":true,"showParticleSystems":true},"in2DMode":false,"pivot":{"x":1.2994219064712525,"y":-0.6709728240966797,"z":8.206636428833008},"rotation":{"x":-0.18344837427139283,"y":-0.009133836254477501,"z":0.0017046855064108968,"w":-0.9829854369163513},"size":15.929244995117188,"orthographic":false}